Rv_ID,Annotation
Rv0900,3
Rv3031,3
Rv2275,4
Rv0191,3
Rv2289,3
Rv2457c,4
Rv0363c,4
Rv0901,3
Rv1747,5
Rv0554,3
Rv0032,3
Rv2641,2
Rv1688,2
Rv2213,3
Rv1653,5
Rv2540c,5
Rv1309,3
Rv1846c,4
Rv3583c,4
Rv3792,5
Rv2613c,5
Rv2068c,5
Rv2888c,2
Rv1876,4
Rv0327c,2
Rv2223c,2
Rv2922,2
Rv1007c,4
Rv1562c,4
Rv2493,1
Rv0748,2
Rv2547,2
Rv0064A,1
Rv0026,1
Rv0104,2
Rv1360,1
Rv2102,1
Rv2204c,2
Rv1278,1
Rv1354c,2
Rv0196,1
Rv2273,1
Rv1488,2
Rv1290c,2
Rv2271,1
Rv1421,2
Rv2283,1
Rv0224c,1
Rv1979c,2
Rv2250c,1
Rv2084,1
Rv2081c,1
Rv2568c,1
Rv2565,2
Rv2047c,1
Rv0539,1
Rv0281,2
Rv3189,2
Rv0494,1
Rv3118,1
Rv1824,1
Rv1519,1
Rv1836c,2
Rv1337,1
Rv1265,1
Rv1407,2
Rv2004c,2
Rv0479c,1
Rv3129,1
Rv2578c,2
Rv2136c,3
Rv0665,2
Rv2203,1
Rv1590,1
Rv2000,1
Rv2091c,1
Rv0477,1
Rv3766,1
Rv2885c,2
Rv2900c,2
Rv3421c,1
Rv2929,1
Rv2915c,1
Rv3067,1
Rv0637,2
Rv2628,1
Rv0382c,3
Rv1478,4
Rv1416,4
Rv3924c,1
Rv0432,5
Rv2580c,3
Rv2093c,3
Rv2051c,5
Rv2883c,4
Rv1380,3
Rv0233,5
Rv1009,5
Rv2959c,3
Rv0682,3
Rv0736,5
Rv0436c,2
Rv1247c,3
Rv1409,4
Rv1981c,3
Rv3911,4
Rv3734c,5
Rv2466c,3
Rv1379,3
Rv0708,2
Rv1415,5
Rv0716,2
Rv0707,2
Rv0735,5
Rv0182c,4
Rv1643,2
Rv2357c,5
Rv2614c,3
Rv3282,3
Rv2946c,4
Rv2196,4
Rv1299,2
Rv2907c,2
Rv2625c,3
Rv2904c,2
Rv0720,2
Rv1642,2
Rv3464,4
Rv3460c,2
Rv2882c,3
Rv1390,3
Rv2865,4
Rv0652,2
Rv3214,5
Rv0929,3
Rv1297,4
Rv2869c,5
Rv2442c,2
Rv1884c,4
Rv2841c,3
Rv2176,5
Rv2612c,5
Rv3621c,1
Rv1430,4
Rv1361c,2
Rv2984,5
Rv0437c,3
Rv2962c,3
Rv0055,2
Rv0203,4
Rv2587c,3
Rv2555c,3
Rv0262c,4
Rv2920c,2
Rv1304,3
Rv3780,4
Rv1666c,2
Rv3903c,5
Rv1336,5
Rv0462,5
Rv2373c,4
Rv2476c,4
Rv3056,4
Rv0129c,5
Rv1317c,5
Rv3505,5
Rv3543c,5
Rv2070c,2
Rv0967,5
Rv0778,2
Rv0848,5
Rv0899,5
Rv2201,3
Rv3004,2
Rv3418c,5
Rv2071c,2
Rv2820c,3
Rv3227,5
Rv1569,5
Rv1901,1
Rv3059,3
Rv2276,5
Rv2003A,1
Rv0458,3
Rv2363,2
Rv2460c,4
Rv1391,4
Rv3098B,1
Rv1143,5
Rv2238c,5
Rv2747,5
Rv1570,5
Rv0889c,3
Rv2065,2
Rv0896,3
Rv3573c,5
Rv0337c,3
Rv3423c,5
Rv1229c,2
Rv1307,3
Rv3406,5
Rv3722c,4
Rv2495c,4
Rv2224c,5
Rv3417c,5
Rv0467,5
Rv3274c,2
Rv2677c,3
Rv3600c,4
Rv0503c,5
Rv0070c,5
Rv2034,4
Rv3241c,2
Rv1433,3
Rv1411c,5
Rv1016c,2
Rv0183,5
Rv3655c,3
Rv0886,3
Rv3182,2
Rv2525c,4
Rv3763,5
Rv3495c,3
Rv0642c,5
Rv2942,5
Rv0561c,4
Rv0994,3
Rv1858,2
Rv2152c,3
Rv2115c,5
Rv2214c,2
Rv1108c,3
Rv3607c,5
Rv1552,3
Rv1554,2
Rv3696c,3
Rv2626c,5
Rv2299c,3
Rv1349,5
Rv0694,3
Rv3111,4
Rv0869c,4
Rv2855,5
Rv1364c,5
Rv2244,4
Rv0236c,3
Rv2211c,3
Rv0114,3
Rv0510,3
Rv3534c,5
Rv0583c,4
Rv3597c,5
Rv2485c,2
Rv1943c,2
Rv0734,5
Rv2274A,2
Rv1345,5
Rv1522c,2
Rv2156c,3
Rv1530,2
Rv2611c,3
Rv0409,4
Rv1093,5
Rv3568c,5
Rv3339c,5
Rv2987c,3
Rv1690,3
Rv1942c,3
Rv0456A,2
Rv0403c,2
Rv1392,5
Rv1859,3
Rv2579,3
Rv1798,3
Rv3794,4
Rv1107c,2
Rv3028c,3
Rv1793,2
Rv3890c,1
Rv2151c,3
Rv0564c,4
Rv3423,5
Rv2121c,4
Rv0483,4
Rv1235,3
Rv2544,2
Rv1539,3
Rv1990c,3
Rv0202c,3
Rv0695,2
Rv1782,3
Rv3877,5
Rv3871,5
Rv3619c,3
Rv0524,3
Rv3470c,4
Rv0733,5
Rv3247c,5
Rv2455c,4
Rv1497,5
Rv2378c,3
Rv0800,2
Rv1306,3
Rv1121,3
Rv1075c,5
Rv3606c,2
Rv1031,2
Rv1860,5
Rv1483,5
Rv3810,4
Rv2090,2
Rv3102c,4
Rv0518,5
Rv2919c,3
Rv2221c,4
Rv1603,4
Rv2022c,1
Rv3382c,4
Rv1700,5
Rv1654,4
Rv0120c,2
Rv3039c,2
Rv1795,3
Rv3882c,3
Rv2364c,4
Rv2687c,2
Rv1558,3
Rv3436c,4
Rv1029,3
Rv2630,2
Rv1555,2
Rv1098c,5
Rv1326c,5
Rv3609c,3
Rv1600,3
Rv0937c,3
Rv0853c,4
Rv1017c,5
Rv1640c,5
Rv2543,2
Rv3584,2
Rv1400c,4
Rv0586,3
Rv0693,3
Rv1596,4
Rv1695,5
Rv3086,4
Rv3106,5
Rv1018c,5
Rv1212c,5
Rv1564c,2
Rv3137,4
Rv2388c,3
Rv3582c,4
Rv0691A,1
Rv2733c,3
Rv0844c,4
Rv3710,5
Rv1205,5
Rv1334,5
Rv2088,5
Rv2029c,5
Rv1068c,1
Rv0754,5
Rv1195,2
Rv0453,3
Rv1548c,2
Rv2123,2
Rv1660,4
Rv1014c,2
Rv2964,3
Rv2744c,4
Rv0018c,5
Rv3443c,3
Rv0186A,5
Rv2438c,5
Rv3589,4
Rv0211,5
Rv0015c,5
Rv0931c,5
Rv2108,2
Rv2430c,4
Rv1300,3
Rv2838c,2
Rv1696,2
Rv3433c,4
Rv1973,1
Rv2225,5
Rv0788,3
Rv0003,2
Rv3456c,2
Rv0640,3
Rv1343c,2
Rv0548c,5
Rv0542c,3
Rv1989c,5
Rv0866,3
Rv0413,3
Rv3153,3
Rv2247,4
Rv2097c,5
Rv2573,4
Rv0014c,5
Rv2770c,1
Rv2892c,2
Rv1002c,4
Rv0934,5
Rv0772,3
Rv2880c,5
Rv2377c,1
Rv0137c,4
Rv3052c,2
Rv3280,4
Rv2142A,2
Rv1437,3
Rv2951c,2
Rv1818c,5
Rv0742,2
Rv3021c,1
Rv2783c,3
Rv2111c,5
Rv0935,2
Rv0702,2
Rv2330c,1
Rv1418,2
Rv0962c,1
Rv3245c,5
Rv0291,3
Rv3156,3
Rv2215,5
Rv1088,3
Rv1809,1
Rv1402,3
Rv3592,5
Rv3151,5
Rv1316c,3
Rv2241,5
Rv0278c,1
Rv2610c,5
Rv0280,1
Rv0957,3
Rv0761c,3
Rv2673,3
Rv1368,4
Rv2905,2
Rv1102c,5
Rv2274c,2
Rv2339,2
Rv2198c,2
Rv0678,3
Rv1217c,2
Rv0506,2
Rv0096,2
Rv2389c,5
Rv1408,3
Rv1445c,2
Rv3805c,3
Rv1909c,4
Rv3859c,5
Rv0113,3
Rv3567c,4
Rv0194,4
Rv0553,3
Rv0558,3
Rv2404c,3
Rv2171,4
Rv1985c,5
Rv0696,2
Rv0319,2
Rv1159,2
Rv0903c,5
Rv0630c,4
Rv1934c,2
Rv1028c,5
Rv1027c,4
Rv2801A,3
Rv1346,3
Rv2727c,3
Rv2195,3
Rv1412,3
Rv2249c,3
Rv2116,2
Rv3097c,5
Rv1495,4
Rv3246c,5
Rv3588c,5
Rv3469c,4
Rv2096c,3
Rv0878c,2
Rv0808,3
Rv0408,3
Rv1082,4
Rv1991c,5
Rv2063,2
Rv2376c,3
Rv1492,3
Rv3199c,4
Rv3146,3
Rv0928,5
Rv0465c,4
Rv2518c,5
Rv1166,3
Rv2124c,4
Rv2873,4
Rv1399c,5
Rv0570,4
Rv0933,4
Rv2050,4
Rv3585,3
Rv1064c,1
Rv2080,2
Rv1980c,3
Rv2453c,3
Rv3206c,5
Rv1493,3
Rv2153c,3
Rv0091,4
Rv1736c,5
Rv2418c,3
Rv2591,1
Rv1840c,2
Rv0978c,3
Rv3135,1
Rv1387,2
Rv1330c,4
Rv1527c,5
Rv3581c,4
Rv1348,5
Rv2659c,2
Rv2454c,4
Rv2988c,3
Rv2217,5
Rv0127,3
Rv2384,5
Rv1347c,4
Rv0655,3
Rv1344,4
Rv0982,5
Rv1218c,3
Rv2155c,3
Rv0535,4
Rv0230c,3
Rv3825c,4
Rv0285,3
Rv1789,2
Rv2148c,1
Rv1270c,3
Rv0846c,4
Rv0507,2
Rv3341,3
Rv3803c,4
Rv0981,5
Rv2421c,3
Rv2440c,5
Rv3125c,1
Rv1372,5
Rv0153c,5
Rv0972c,2
Rv1001,3
Rv3411c,5
Rv0847,3
Rv2284,3
Rv3084,3
Rv2063A,3
Rv0985c,5
Rv0438c,3
Rv3566c,5
Rv1595,3
Rv3842c,3
Rv1712,5
Rv1834,1
Rv1837c,5
Rv3238c,2
Rv1021,5
Rv2130c,4
Rv2878c,4
Rv1284,5
Rv1796,3
Rv0475,4
Rv3396c,5
Rv0046c,4
Rv1745c,3
Rv3024c,3
Rv3065,3
Rv2166c,2
Rv1338,3
Rv2523c,5
Rv1422,2
Rv0005,5
Rv1605,3
Rv2711,5
Rv0938,5
Rv1991A,4
Rv0451c,4
Rv2875,2
Rv2174,3
Rv3744,5
Rv1263,2
Rv1641,2
Rv1494,2
Rv2332,3
Rv1079,5
Rv0819,5
Rv1180,5
Rv0864,3
Rv1161,5
Rv2837c,3
Rv2537c,5
Rv0407,5
Rv2007c,3
Rv0489,5
Rv2958c,3
Rv2918c,5
Rv0601c,5
Rv0512,3
Rv0600c,4
Rv0341,1
Rv0692,1
Rv3361c,2
Rv1916,2
Rv1652,3
Rv3170,2
Rv3701c,3
Rv1521,2
Rv0020c,4
Rv1872c,3
Rv2970c,5
Rv3303c,5
Rv2122c,3
Rv3571,5
Rv3731,3
Rv1274,1
Rv0645c,4
Rv0557,3
Rv3910,5
Rv1389,4
Rv0827c,4
Rv3290c,2
Rv2290,2
Rv3487c,5
Rv1963c,4
Rv0050,5
Rv1296,2
Rv0192,4
Rv0237,4
Rv1076,5
Rv3203,5
Rv0659c,2
Rv0456B,1
Rv2801c,4
Rv0644c,5
Rv0486,4
Rv2158c,5
Rv1737c,4
Rv3449,3
Rv0669c,5
Rv1151c,5
Rv3150,3
Rv1604,4
Rv0342,4
Rv3526,5
Rv0391,3
Rv1133c,3
Rv3324c,2
Rv0924c,4
Rv3343c,2
Rv3892c,1
Rv1808,1
Rv3183,2
Rv3570c,5
Rv0343,1
Rv1617,5
Rv0660c,1
Rv1557,2
Rv3109,4
Rv2741,3
Rv0545c,2
Rv0442c,2
Rv0904c,3
Rv2538c,5
Rv2218,4
Rv0116c,5
Rv1252c,2
Rv3215,3
Rv0677c,4
Rv0516c,4
Rv1626,3
Rv1755c,4
Rv1468c,4
Rv0980c,3
Rv0286,3
Rv0915c,1
Rv1800,1
Rv2934,5
Rv1551,2
Rv2032,3
Rv1248c,5
Rv1908c,5
Rv2995c,4
Rv1911c,3
Rv0418,4
Rv2861c,5
Rv2383c,5
Rv3823c,3
Rv3124,4
Rv1926c,2
Rv1857,3
Rv3883c,5
Rv3157,3
Rv0500,3
Rv2746c,3
Rv1743,5
Rv2368c,2
Rv2431c,3
Rv0256c,4
Rv1802,1
Rv1168c,4
Rv0040c,1
Rv2002,4
Rv1614,2
Rv1986,2
Rv1475c,5
Rv3667,5
Rv2374c,2
Rv3902c,2
Rv2945c,5
Rv3244c,3
Rv1881c,2
Rv1183,3
Rv2163c,5
Rv1960c,2
Rv2095c,3
Rv1266c,5
Rv0159c,3
Rv3872,4
Rv0346c,2
Rv2584c,3
Rv1599,4
Rv3628,5
Rv3723,3
Rv2270,3
Rv1781c,2
Rv2386c,5
Rv0206c,5
Rv3112,2
Rv2607,5
Rv2202c,5
Rv1658,3
Rv3119,3
Rv0845,3
Rv1160,4
Rv3149,3
Rv0410c,5
Rv2604c,4
Rv3426,1
Rv3532,1
Rv3533c,1
Rv0130,5
Rv1110,4
Rv0220,4
Rv1103c,3
Rv2852c,3
Rv0534c,4
Rv1020,4
Rv0751c,3
Rv0691c,2
Rv3158,3
Rv0482,3
Rv1315,4
Rv3145,3
Rv2718c,2
Rv2533c,2
Rv1787,1
Rv1381,3
Rv3465,5
Rv0056,2
Rv2752c,5
Rv2631,4
Rv3508,1
Rv2914c,5
Rv2188c,4
Rv1169c,4
Rv1699,5
Rv0105c,2
Rv2606c,4
Rv2634c,1
Rv0009,4
Rv1130,5
Rv0715,2
Rv1314c,3
Rv2142c,2
Rv2352c,1
Rv2356c,1
Rv1129c,4
Rv0902c,5
Rv2110c,5
Rv0932c,4
Rv2866,5
Rv3105c,2
Rv2842c,2
Rv1477,5
Rv3083,4
Rv2939,5
Rv2089c,2
Rv2139,4
Rv2465c,5
Rv0710,2
Rv3908,3
Rv1321,2
Rv0639,3
Rv0821c,4
Rv2608,2
Rv2947c,2
Rv2362c,2
Rv0714,2
Rv2903c,3
Rv0555,3
Rv1240,4
Rv0402c,2
Rv0676c,3
Rv0998,5
Rv3824c,4
Rv1801,2
Rv0930,3
Rv0803,4
Rv0703,2
Rv3461c,2
Rv2412,2
Rv1170,5
Rv2157c,3
Rv1594,3
Rv1746,5
Rv2427c,3
Rv2952,3
Rv1325c,1
Rv3080c,5
Rv1651c,3
Rv0983,5
Rv2328,2
Rv2933,5
Rv2109c,5
Rv0936,2
Rv2583c,5
Rv3420c,5
Rv0651,3
Rv0706,3
Rv0701,2
Rv0704,2
Rv1698,4
Rv0643c,3
Rv0450c,4
Rv1410c,4
Rv1015c,2
Rv0722,2
Rv2450c,5
Rv1547,3
Rv0290,3
Rv0670,3
Rv0685,4
Rv2477c,4
Rv3801c,5
Rv2982c,4
Rv2839c,3
Rv3574,3
Rv1541c,4
Rv1286,5
Rv0321,5
Rv2252,4
Rv0352,4
Rv2780,5
Rv2027c,5
Rv2344c,2
Rv1692,5
Rv2230c,2
Rv3858c,3
Rv3624c,5
Rv3405c,3
Rv2459,3
Rv2335,3
Rv2112c,5
Rv3866,3
Rv3398c,5
Rv0712,4
Rv3808c,5
Rv1213,4
Rv2210c,5
Rv3025c,5
Rv1011,3
Rv2720,4
Rv1310,3
Rv1822,3
Rv1329c,3
Rv3036c,4
Rv0468,5
Rv2899c,2
Rv0019c,5
Rv3262,5
Rv3610c,5
Rv2924c,5
Rv0509,3
Rv2868c,3
Rv3297,5
Rv3616c,5
Rv3881c,5
Rv2347c,2
Rv3020c,2
Rv2245,5
Rv2419c,5
Rv3389c,3
Rv3804c,5
Rv1106c,5
Rv1629,4
Rv1272c,3
Rv3904c,2
Rv1037c,2
Rv3620c,2
Rv1832,3
Rv1080c,3
Rv1484,5
Rv3003c,5
Rv2416c,5
Rv2889c,2
Rv3865,2
Rv0287,3
Rv2187,4
Rv2686c,2
Rv2154c,4
Rv3009c,2
Rv1436,5
Rv2222c,4
Rv1208,5
Rv1956,5
Rv0563,2
Rv3569c,5
Rv3002c,4
Rv3462c,2
Rv1341,4
Rv1030,3
Rv3557c,3
Rv3648c,2
Rv3915,3
Rv0103c,3
Rv3261,3
Rv3441c,3
Rv1559,4
Rv3509c,4
Rv3098A,2
Rv2881c,4
Rv0858c,4
Rv2753c,5
Rv1713,3
Rv3132c,5
Rv1099c,5
Rv1500,2
Rv2207,2
Rv1469,3
Rv3063,2
Rv2343c,3
Rv1406,2
Rv1553,4
Rv1602,3
Rv0189c,3
Rv3001c,5
Rv3155,3
Rv3147,2
Rv3372,5
Rv3429,1
Rv2931,5
Rv0641,3
Rv0709,2
Rv0668,4
Rv3687c,4
Rv3886c,3
Rv3490,5
Rv0016c,4
Rv3738c,2
Rv0755c,1
Rv1665,5
Rv3275c,2
Rv1385,2
Rv2890c,2
Rv2909c,2
Rv3601c,5
Rv3917c,2
Rv3812,3
Rv2350c,5
Rv2702,3
Rv1705c,1
Rv2582,3
Rv1026,3
Rv1039c,2
Rv2736c,2
Rv3048c,5
Rv0359,2
Rv1340,3
Rv0717,2
Rv3042c,5
Rv3316,3
Rv1656,4
Rv3653,3
Rv2351c,5
Rv0747,1
Rv2349c,4
Rv1159,4
Rv3838c,4
Rv1089,3
Rv2194,3
Rv2057c,2
Rv0700,2
Rv3821,3
Rv2710,5
Rv3328c,4
Rv1196,4
Rv0357c,4
Rv0719,2
Rv2925c,4
Rv1630,4
Rv3100c,2
Rv3580c,3
Rv1182,4
Rv3307,4
Rv2737c,5
Rv0629c,4
Rv3457c,4
Rv1821,4
Rv1706c,2
Rv2701c,5
Rv2445c,5
Rv2985,4
Rv2511,2
Rv1957,3
Rv3148,3
Rv3220c,4
Rv3539,2
Rv0573c,5
Rv2043c,5
Rv3051c,5
Rv3414c,5
Rv3152,3
Rv3602c,5
Rv2439c,3
Rv0780,2
Rv3276c,3
Rv0956,5
Rv3715c,2
Rv0190,5
Rv1441c,2
Rv3717,5
Rv2232,5
Rv1219c,4
Rv0631c,3
Rv3266c,4
Rv3919c,3
Rv2785c,2
Rv2165c,3
Rv2504c,2
Rv0069c,2
Rv1885c,5
Rv2703,5
Rv0954,2
Rv3709c,5
Rv3045,3
Rv3069,2
Rv2821c,3
Rv0350,5
Rv3062,5
Rv3133c,5
Rv0946c,3
Rv2092c,2
Rv3627c,3
Rv1675c,3
Rv3676,5
Rv3545c,5
Rv2266,5
Rv3397c,2
Rv2874,2
Rv3708c,5
Rv3608c,5
Rv2763c,5
Rv1447c,3
Rv0006,5
Rv2021c,2
Rv1223,4
Rv1608c,3
Rv2521,4
Rv3011c,2
Rv0944,2
Rv1955,4
Rv1820,5
Rv1474c,4
Rv2822c,3
Rv2896c,2
Rv2936,5
Rv3868,5
Rv0684,3
Rv2179c,4
Rv1373,2
Rv1771,4
Rv1601,4
Rv3535c,5
Rv2957,2
Rv0351,3
Rv0241c,5
Rv3313c,3
Rv2428,5
Rv3822,4
Rv1451,3
Rv1997,3
Rv1293,5
Rv1827,5
Rv2589,3
Rv2726c,5
Rv3795,5
Rv3614c,4
Rv3515c,5
Rv3891c,1
Rv2748c,4
Rv1606,3
Rv1655,4
Rv1657,2
Rv1305,3
Rv3724B,3
Rv1201c,5
Rv1070c,2
Rv2937,4
Rv3879c,3
Rv3615c,4
Rv0017c,2
Rv2220,5
Rv0433,2
Rv0806c,2
Rv2697c,5
Rv2486,2
Rv0905,2
Rv2361c,5
Rv1023,4
Rv1938,3
Rv1814,2
Rv3854c,5
Rv3875,5
Rv3445c,2
Rv0288,4
Rv3874,5
Rv2150c,5
Rv1485,5
Rv3802c,5
Rv3270,5
Rv1294,3
Rv0132c,4
Rv3356c,4
Rv0255c,2
Rv3546,5
Rv0404,3
Rv2941,5
Rv2950c,5
Rv2983,3
Rv0620,3
Rv3782,5
Rv3809c,5
Rv2208,3
Rv1331,2
Rv1094,4
Rv0379,3
Rv3674c,4
Rv3889c,2
Rv0289,2
Rv1550,2
Rv3029c,2
Rv3506,5
Rv3905c,2
Rv3444c,3
Rv2921c,3
Rv3178,2
Rv1327c,5
Rv1826,2
Rv3302c,2
Rv1862,2
Rv1285,4
Rv0478,3
Rv3547,5
Rv0284,3
Rv3870,5
Rv3700c,2
Rv3089,5
Rv0099,5
Rv1197,2
Rv3634c,3
Rv2496c,4
Rv1631,5
Rv0008c,3
Rv2296,3
Rv0824c,3
Rv3790,5
Rv0823c,3
Rv1797,3
Rv2246,4
Rv3855,5
Rv1323,2
Rv3032,3
Rv0969,4
Rv0058,4
Rv1897c,3
Rv3867,2
Rv2501c,4
Rv3370c,4
Rv0292,3
Rv0783c,2
Rv3876,4
Rv3720,2
Rv0533c,5
Rv1173,4
Rv2074,5
Rv2447c,5
Rv3101c,3
Rv2200c,4
Rv2678c,3
Rv1833c,2
Rv1537,4
Rv3806c,5
Rv3887c,2
Rv1783,4
Rv3704c,3
Rv2740,5
Rv1288,5
Rv0098,5
Rv3012c,3
Rv1915,3
Rv2539c,5
Rv1335,4
Rv2301,4
Rv2346c,3
Rv2948c,5
Rv2688c,4
Rv1731,3
Rv0234c,3
Rv2817c,3
Rv0440,5
Rv3596c,4
Rv1198,3
Rv3017c,1
Rv1261c,3
Rv1886c,5
Rv3488,3
Rv1880c,2
Rv3043c,4
Rv1625c,5
Rv1984c,5
Rv1472,2
Rv1935c,1
Rv1850,5
Rv0301,4
Rv0100,2
Rv0004,1
Rv0072,2
Rv1759c,2
Rv0181c,2
Rv1835c,2
Rv1302,4
Rv1549,1
Rv1738,2
Rv2564,2
Rv1945,1
Rv0634A,1
Rv0497,2
Rv0945,2
Rv0894,1
Rv0769,2
Rv0882,1
Rv2928,5
Rv2118c,5
Rv2212,2
Rv0849,2
Rv0959,1
Rv0965c,1
Rv0881,1
Rv0681,2
Rv1849,3
Rv1931c,3
Rv2567,1
Rv1271c,1
Rv3479,2
Rv2887,1
Rv2891,1
Rv2876,1
Rv2901c,1
Rv2913c,1
Rv3202A,1
Rv2629,2
Rv3240c,4
Rv2402,4
Rv1556,1
Rv2312,1
Rv2331,1
Rv1498c,1
Rv2345,3
Rv1459c,2
Rv2001,1
Rv0487,1
Rv3073c,1
Rv0498,1
Rv0888,5
Rv1033c,3
Rv2145c,5
Rv1351,1
Rv2248,1
Rv3787c,2
Rv2603c,1
Rv2577,2
Rv2638,2
Rv0906,1
Rv0739,1
Rv2372c,2
Rv3442c,2
Rv1259,4
Rv2601A,2
Rv0617,3
Rv2548,3
Rv0037c,2
Rv3265c,4
Rv1816,2
Rv1812c,2
Rv1813c,1
Rv2411c,1
Rv1760,4
Rv2140c,2
Rv2313c,1
Rv2272,1
Rv1287,2
Rv2265,1
Rv2305,1
Rv1509,1
Rv2079,1
Rv2571c,1
Rv2484c,3
Rv0250c,1
Rv3427c,2
Rv0495c,1
Rv0635,2
Rv0501,2
Rv2645,1
Rv2656c,1
Rv0964c,1
Rv2055c,2
Rv2992c,3
Rv1199c,2
Rv1982A,1
Rv3385c,2
Rv2596,3
Rv0300,3
Rv1367c,1
Rv1830,1
Rv2592c,3
Rv2996c,4
Rv2586c,3
Rv0884c,5
Rv1221,5
Rv2916c,3
Rv0423c,3
Rv3181c,2
Rv1113,2
Rv1520,1
Rv1264,5
Rv2994,2
Rv0492c,2
Rv0628c,1
Rv3853,4
Rv1003,2
Rv2358,3
Rv1706c,1
Rv1301,3
Rv2386A,1
Rv1359,1
Rv2561,1
Rv1220c,2
Rv2850c,2
Rv0802c,3
Rv0897c,1
Rv0875c,1
Rv3846,5
Rv1851,2
Rv1825,2
Rv2627c,1
Rv2600,2
Rv0885,1
Rv1689,3
Rv2462c,4
Rv1363c,1
Rv1831,1
Rv2304c,1
Rv2310,1
Rv2311,1
Rv1996,3
Rv1417,1
Rv3633,1
Rv3412,1
Rv3579c,2
Rv3126c,1
Rv1638,5
Rv3416,5
Rv1279,2
Rv1496,3
Rv2292c,1
Rv2076c,1
Rv2558,1
Rv1268c,1
Rv2008c,1
Rv1260,1
Rv1708,3
Rv3486,2
Rv0485,3
Rv3660c,3
Rv2926c,1
Rv3087,4
Rv0500B,1
Rv0499,1
Rv2723,1
Rv2267c,3
Rv0949,5
Rv0608,2
Rv1962A,2
Rv0549c,3
Rv0027,1
Rv0083,2
Rv1063c,2
Rv1101c,1
Rv3219,5
Rv1954c,1
Rv2636,1
Rv0955,1
Rv0887c,1
Rv0917,2
Rv3764c,5
Rv0208c,3
Rv3314c,2
Rv2644c,1
Rv0891c,2
Rv0968,1
Rv2367c,2
Rv1650,3
Rv0041,3
Rv2094c,2
Rv3914,5
Rv1295,5
Rv1841c,2
Rv1543,2
Rv2229c,1
Rv1355c,1
Rv1419,2
Rv2326c,2
Rv1999c,2
Rv2366c,2
Rv1401,2
Rv2073c,2
Rv2559c,2
Rv1238,4
Rv2190c,2
Rv2026c,2
Rv2003c,1
Rv3143,2
Rv3198,2
Rv0500A,1
Rv2669,1
Rv3127,1
Rv0796,2
Rv3378c,5
Rv2175c,4
Rv1280c,3
Rv1282c,2
Rv1291c,1
Rv1352,1
Rv2237,1
Rv1312,1
Rv1502,1
Rv0205,2
Rv2297,1
Rv1895,2
Rv1322,1
Rv2077c,2
Rv2639c,1
Rv2581c,2
Rv0759c,1
Rv3455c,3
Rv2597,1
Rv0987,3
Rv0940c,1
Rv0726c,2
Rv0795,1
Rv3117,3
Rv1932,5
Rv0595c,5
Rv2830c,2
Rv0239,1
Rv1720c,2
Rv0240,2
Rv0034,1
Rv0073,3
Rv2894c,3
Rv1815,1
Rv1362c,1
Rv1276c,1
Rv2231c,2
Rv2235,2
Rv2319c,1
Rv1877,2
Rv1899c,1
Rv2295,2
Rv1636,2
Rv2569c,1
Rv0476,1
Rv3168,4
Rv1423,2
Rv2216,2
Rv1910c,1
Rv2851c,1
Rv0813c,3
Rv0961,1
Rv0879c,1
Rv2234,5
Rv3358,5
Rv1246c,4
Rv0491,4
Rv0723,2
Rv2058c,1
Rv2441c,2
Rv0979,1
Rv0634B,2
Rv2228c,5
Rv0053,2
Rv1258c,4
Rv1694,5
Rv0422c,3
Rv3088,5
Rv3357,4
Rv1298,2
Rv1420,3
Rv3652,2
Rv3312,3
Rv1328,3
Rv1386,3
Rv3873,4
Rv1706c,1
Rv2932,5
Rv1753c,1
Rv1135c,1
Rv3459c,2
Rv1189,3
Rv1224,2
Rv3772,2
Rv1959c,2
Rv3010c,5
Rv0297,3
Rv3232c,5
Rv3425,3
Rv1983,3
Rv3136,2
Rv2935,5
Rv1131,5
Rv0867c,4
Rv0683,3
Rv0294,2
Rv0469,3
Rv3820c,4
Rv2181,3
Rv3018c,2
Rv2902c,3
Rv0505c,4
Rv0490,3
Rv1440,2
Rv1237,3
Rv2333c,2
Rv3625c,2
Rv2977c,3
Rv3234c,4
Rv0820,4
Rv2973c,3
Rv2922c,3
Rv1649,3
Rv0013,3
Rv0582,3
Rv0581,2
Rv0229c,2
Rv1721c,1
Rv1398c,1
Rv0093c,1
Rv0569,2
Rv1917c,4
Rv2482c,3
Rv1078,1
Rv2149c,3
Rv3834c,4
Rv2291,2
Rv3422c,2
Rv0444c,4
Rv2594c,3
Rv3283,3
Rv2754c,5
Rv1563c,3
Rv3198c,5
Rv2018,1
Rv0550c,2
Rv2494,2
Rv0657c,1
Rv2527,2
Rv0023,1
Rv1109c,2
Rv0793,2
Rv0043c,1
Rv0010c,1
Rv0106,1
Rv0977,3
Rv3301c,2
Rv2949c,4
Rv0496,4
Rv0334,4
Rv3923c,3
Rv2407,3
Rv3287c,4
Rv0447c,3
Rv2550c,2
Rv3407,2
Rv3321c,1
Rv3384c,3
Rv2757c,3
Rv0626,3
Rv0090,1
Rv0572c,1
Rv0088,1
Rv1375,1
Rv1384,4
Rv2816c,3
Rv2461c,4
Rv3014c,5
Rv3586,5
Rv3230c,4
Rv3791,5
Rv2601,4
Rv2713,3
Rv1609,3
Rv3419c,3
Rv0277A,2
Rv1711,2
Rv0609B,1
Rv3342,1
Rv3788,1
Rv0566c,1
Rv3401,2
Rv0313,1
Rv2633c,1
Rv3131,3
Rv2575,1
Rv1010,3
Rv2503c,2
Rv0960,2
Rv1701,3
Rv1583c,1
Rv3371,4
Rv3292,1
Rv2685,2
Rv0770,2
Rv2056c,2
Rv0638,3
Rv2147c,2
Rv1613,3
Rv1032c,5
Rv1729c,2
Rv1526c,1
Rv2635,1
Rv0942,1
Rv0895,3
Rv0966c,1
Rv0876c,2
Rv3921c,2
Rv0705,2
Rv3248c,5
Rv3364c,3
Rv2871,2
Rv1397c,2
Rv0609,3
Rv2546,2
Rv1839c,1
Rv2231B,1
Rv1128c,1
Rv0785,2
Rv0039c,1
Rv1510,2
Rv0145,2
Rv1588c,1
Rv2971,2
Rv2917,2
Rv3691,2
Rv3424c,1
Rv0488,2
Rv2637,1
Rv1536,4
Rv2845c,3
Rv1008,2
Rv1542c,5
Rv0749,3
Rv2103c,3
Rv2759c,2
Rv1242,3
Rv0277c,3
Rv0030,1
Rv2030c,2
Rv1702c,1
Rv1714,2
Rv3034c,2
Rv2908c,2
Rv3552,2
Rv3679,1
Rv2923c,1
Rv3134c,2
Rv2598,1
Rv2742c,3
Rv2654c,2
Rv0970,1
Rv0898c,1
Rv0874c,1
Rv2764c,5
Rv0656c,2
Rv3180c,2
Rv2863,2
Rv0664,1
Rv0065,3
Rv2549c,4
Rv2632c,1
Rv0814c,2
Rv3912,2
Rv3085,3
Rv0951,4
Rv2192c,5
Rv3082c,4
Rv2530A,2
Rv1114,3
Rv2206,2
Rv2197c,1
Rv2209,1
Rv1357c,2
Rv1866,2
Rv1507c,1
Rv1993c,1
Rv2282c,2
Rv1461,2
Rv2468c,1
Rv3671c,5
Rv3659c,2
Rv3661,2
Rv0054,3
Rv1847,2
Rv2417c,2
Rv1155A,1
Rv1273c,2
Rv1501,1
Rv1987,2
Rv1491c,2
Rv1320c,2
Rv2082,1
Rv2075c,1
Rv1480,1
Rv0299,2
Rv0377,2
Rv2743c,3
Rv0893c,2
Rv0927c,2
Rv0738,1
Rv0295c,5
Rv3913,5
Rv0624,3
Rv1952,1
Rv0028A,1
Rv1144,2
Rv2219,2
Rv1540,2
Rv2277c,1
Rv2293c,2
Rv0667,5
Rv2069,5
Rv3221A,5
Rv3408,3
Rv3750c,1
Rv1241,2
Rv2231A,2
Rv0662c,1
Rv0571c,2
Rv0028,1
Rv1514c,1
Rv0221,3
Rv1339,1
Rv2285,4
Rv2240c,1
Rv3035,1
Rv2912c,2
Rv0910,2
Rv1262c,1
Rv3598c,3
Rv1848,3
Rv0627,4
Rv1982c,2
Rv0598c,3
Rv0596c,4
Rv2599,2
Rv1292,2
Rv1633,4
Rv2009,3
Rv0095c,1
Rv0574c,2
Rv0687,2
Rv2191,3
Rv1332,1
Rv1333,2
Rv1289,1
Rv1490,1
Rv2306c,1
Rv1898,1
Rv3778c,3
Rv3037c,1
Rv3716c,2
Rv2963,2
Rv3818,2
Rv0364,1
Rv2895c,2
Rv3403c,1
Rv0584,2
Rv0731c,2
Rv0873,2
Rv0883c,1
Rv0718,2
Rv1222,5
Rv0417,3
Rv1611,3
Rv0022c,4
Rv1733c,2
Rv1283c,2
Rv1281c,2
Rv2281,2
Rv2286c,1
Rv2449c,2
Rv2028c,2
Rv3466,1
Rv2667,1
Rv2742A,1
Rv2593c,3
Rv0602c,4
Rv2953,3
Rv2906c,3
Rv2470,5
Rv0126,5
Rv3309c,3
Rv0616A,1
Rv0599c,2
Rv1741,2
Rv1838c,2
Rv1953,2
Rv1560,3
Rv0064,2
Rv3681c,5
Rv1269c,2
Rv1413,1
Rv0298,2
Rv3630,2
Rv3520c,1
Rv0472c,2
Rv2653c,2
Rv0909,2
Rv0880,1
Rv0661c,2
Rv2526,1
Rv0623,2
Rv2872,3
Rv0959A,1
Rv0859,3
Rv0049,1
Rv1085c,2
Rv3197A,5
Rv2623,5
Rv0943c,1
Rv3458c,3
Rv3223c,5
Rv0952,3
Rv3765c,3
Rv3336c,3
Rv2595,2
Rv0229A,1
Rv3697c,2
Rv3320c,2
Rv0025,1
Rv0057,1
Rv0036c,1
Rv0007,1
Rv3260c,5
Rv2005c,3
Rv3193c,2
Rv2585c,2
Rv1852,2
Rv3754,4
Rv2758c,2
Rv2545,1
Rv1561,3
Rv0038,1
Rv0740,1
Rv0148,3
Rv0048c,2
Rv3862c,4
Rv2715,2
Rv0830,2
Rv0953c,1
Rv1954A,1
Rv0890c,2
Rv3413c,4
Rv1365c,3
Rv0732,3
Rv3286c,5
Rv3404c,5
Rv2760c,1
Rv2104c,1
Rv3697A,1
Rv2010,5
Rv1740,1
Rv2019,1
Rv0089,2
Rv0081,2
Rv1842c,2
Rv2308,1
Rv1318c,2
Rv0236,1
Rv1998c,1
Rv2557,1
Rv3776,1
Rv0474,2
Rv3740c,4
Rv2927c,1
Rv3410c,2
Rv3284,1
Rv0502,1
Rv3095,1
Rv3310,5
Rv2572c,4
Rv1448c,3
Rv3130c,5
Rv1449c,5
Rv3646c,5
Rv2793c,3
Rv2530c,3
Rv0097,2
Rv0080,1
Rv1148c,2
Rv0085,1
Rv1350,2
Rv2298,2
Rv2288,1
Rv2078,1
Rv1462,2
Rv2563,2
Rv2560,2
Rv2006,3
Rv2025c,2
Rv2012,1
Rv3835,3
Rv3767c,2
Rv2236c,2
Rv3518c,5
Rv0805,5
Rv2682c,5
Rv2938,3
Rv3884c,2
Rv3703c,3
Rv3880c,2
Rv3864,2
Rv2243,4
Rv1155,5
Rv3019c,2
Rv2497c,3
Rv2131c,5
Rv1253,3
Rv0002,4
Rv3849,5
Rv1794,3
Rv1185c,3
Rv3561,3
Rv2930,5
Rv3654c,3
Rv3565,3
Rv1308,4
Rv1207,3
Rv1038c,2
Rv3826,4
Rv3221c,2
Rv0577,3
Rv3272,3
Rv3685c,2
Rv3807c,2
Rv3895c,2
Rv3869,5
Rv0282,4
Rv1267c,5
Rv2127,2
Rv0187,5
Rv2066,3
Rv3121,2
Rv1994c,5
Rv1785c,2
Rv2911,4
Rv3878,4
Rv1311,3
Rv1589,4
Rv2676c,4
Rv3392c,5
Rv2818c,3
Rv0764c,5
Rv0092,5
Rv2323c,2
Rv2534c,2
Rv2294,3
Rv3409c,4
Rv1394c,2
Rv3070,2
Rv1256c,4
Rv0429c,3
Rv3617,3
Rv2846c,2
Rv2848c,3
Rv2498c,4
Rv2819c,3
Rv3743c,3
Rv2773c,5
Rv1905c,2
Rv2870c,4
Rv2464c,5
Rv3793,4
Rv3702c,3
Rv2178c,5
Rv1383,4
Rv1092c,3
Rv2199c,2
Rv2986c,5
Rv3721c,3
Rv3229c,5
Rv3447c,2
Rv3544c,5
Rv1353c,2
Rv2965c,5
Rv0136,2
Rv2397c,4
Rv0001,4
Rv3885c,2
Rv3448,2
Rv0283,3
Rv3450c,2
Rv0721,3
Rv0445c,4
Rv0414c,5
Rv1828,3
Rv1739c,3
Rv2205c,2
Rv1342c,2
Rv2227,1
Rv1486c,1
Rv1856c,2
Rv2258c,3
Rv1414,1
Rv0146,2
Rv2570,1
Rv1592c,2
Rv1896c,2
Rv3760,1
Rv3188,1
Rv3254,1
Rv3329,2
Rv0504c,2
Rv0268c,1
Rv2624c,2
Rv0767c,1
Rv0877,1
Rv1236,3
Rv2448c,3
Rv1735c,2
Rv2269c,1
Rv1356c,1
Rv2239c,1
Rv2242,1
Rv1506c,2
Rv2325c,1
Rv1395,2
Rv1319c,2
Rv2085,1
Rv1403c,1
Rv3428c,2
Rv0441c,1
Rv0508,1
Rv2717c,2
Rv2684,2
Rv2359,5
Rv2862A,1
Rv2829c,3
Rv1962c,3
Rv2576c,1
Rv1086,5
Rv2100,1
Rv2287,2
Rv2302,1
Rv1324,2
Rv1405c,1
Rv3480c,4
Rv3786c,1
Rv0560c,2
Rv2910c,1
Rv2750,2
Rv2574,1
Rv2658c,1
Rv1525,1
Rv2300c,2
Rv2280,2
Rv2087,1
Rv2083,1
Rv1591,2
Rv0480c,2
Rv3376,2
Rv0493c,1
Rv0647c,2
Rv1612,3
Rv1438,5
Rv1546,1
Rv1734c,1
Rv2011c,1
Rv2556c,1
Rv2456c,2
Rv3030,2
Rv1545,1
Rv1255c,1
Rv1250,2
Rv1634,3
Rv0481c,1
Rv0625c,2
Rv2897c,1
Rv3551,2
Rv0525,2
Rv1829,1
Rv1533,2
Rv0892,2
Rv2391,5
Rv2692,2
Rv1313c,2
Rv1518,1
Rv1823,2
Rv1366,1
Rv2716,1
Rv2588c,2
Rv0963c,1
Rv3922c,1
Rv3315c,5
Rv1777,4
Rv0766c,2
Rv3504,5
Rv0908,3
Rv3789,4
Rv2429,5
Rv1184c,4
Rv0948c,5
Rv0470c,5
Rv3452,5
Rv3537,4
Rv2031c,5
Rv1758,2
Rv1202,3
Rv2981c,5
Rv3377c,5
Rv2823c,5
Rv0654,3
Rv2392,4
Rv1659,2
Rv1568,5
Rv1992c,3
Rv0107c,3
Rv1538c,3
Rv2719c,3
Rv0384c,3
Rv2745c,5
Rv2268c,2
Rv2334,5
Rv3451,3
Rv1819c,5
Rv0568,2
Rv2193,3
Rv1464,3
Rv0079,3
Rv2824c,4
Rv2072c,2
Rv0011c,3
Rv3330,4
Rv3375,2
Rv3841,5
Rv2602,3
Rv3749c,1
Rv1013,3
Rv0102,1
Rv1077,3
Rv1057,2
Rv1524,1
Rv0986,4
Rv2976c,3
Rv1843c,3
Rv2226,1
Rv1481,2
Rv1303,1
Rv2307c,2
Rv1425,3
Rv1424c,1
Rv2067c,1
Rv1995,1
Rv2086,1
Rv3785,1
Rv2886c,2
Rv0484c,2
Rv2898c,1
Rv3399,2
Rv0559c,1
Rv3395c,1
Rv3400,1
Rv3402c,2
Rv0572A,1
Rv2782c,2
Rv2859c,2
Rv2554c,2
Rv3348,1
Rv1047,1
Rv0532,1
Rv0094c,1
Rv1042c,1
Rv1505c,1
Rv2432c,1
Rv3291c,1
Rv2474c,1
Rv3264c,1
Rv1682,1
Rv1122,1
Rv3729,1
Rv2769c,1
Rv0992c,2
Rv0244c,2
Rv1446c,1
Rv3558,1
Rv2943A,1
Rv3728,2
Rv2734,1
Rv1254,1
Rv1465,1
Rv3815c,1
Rv1968,1
Rv1671,1
Rv3268,1
Rv3104c,1
Rv0587,1
Rv1095,1
Rv1498A,1
Rv3811,1
Rv2141c,1
Rv0552,1
Rv1725c,1
Rv3848,2
Rv2170,1
Rv1444c,1
Rv0515,1
Rv0164,1
Rv2695,1
Rv3163c,1
Rv3071,1
Rv1664,1
Rv3092c,1
Rv2660c,1
Rv1900c,2
Rv3814c,1
Rv2615c,1
Rv0111,2
Rv3893c,1
Rv0941c,1
Rv2360c,1
Rv0150c,1
Rv1074c,2
Rv2353c,1
Rv3391,1
Rv3209,1
Rv3901c,1
Rv1623c,2
Rv0215c,1
Rv1177,2
Rv3512,1
Rv2675c,1
Rv0117,1
Rv0616c,1
Rv3471c,1
Rv2337c,1
Rv0615,1
Rv1290A,1
Rv2438A,1
Rv2370c,1
Rv0163,1
Rv0066c,5
Rv3390,1
Rv1065,1
Rv0842,1
Rv3251c,2
Rv3647c,1
Rv3670,1
Rv3678A,1
Rv1765c,1
Rv2138,1
Rv1874,1
Rv3207c,1
Rv1719,1
Rv2331A,1
Rv0609A,1
Rv1744c,1
Rv3108,1
Rv1125,2
Rv3781,1
Rv1627c,1
Rv1025,1
Rv1621c,2
Rv0204c,1
Rv3658c,1
Rv2405,1
Rv3239c,2
Rv0663,1
Rv3605c,1
Rv1024,1
Rv0461,1
Rv0035,1
Rv3078,1
Rv3259,1
Rv0537c,1
Rv3756c,2
Rv0252,3
Rv0575c,1
Rv0051,1
Rv1620c,2
Rv0765c,1
Rv1779c,1
Rv3666c,1
Rv0850,1
Rv2169c,1
Rv2834c,1
Rv2160A,1
Rv1930c,1
Rv1089A,1
Rv3538,1
Rv3217c,1
Rv2054,1
Rv2640c,1
Rv1429,1
Rv0330c,1
Rv1907c,1
Rv3677c,1
Rv3334,1
Rv2487c,1
Rv3554,1
Rv3845,1
Rv2144c,1
Rv1211,1
Rv1748,1
Rv0383c,1
Rv1454c,2
Rv2254c,1
Rv2616,1
Rv2060,1
Rv2257c,1
Rv0347,1
Rv0276,1
Rv0192A,1
Rv1668c,1
Rv3618,1
Rv0133,1
Rv2661c,1
Rv0752c,1
Rv0084,1
Rv1722,1
Rv1607,1
Rv0082,1
Rv0086,1
Rv2348c,1
Rv0216,1
Rv3007c,1
Rv0996,1
Rv1878,1
Rv0590A,1
Rv2989,1
Rv3068c,1
Rv0361,1
Rv2471,1
Rv2969c,1
Rv3712,3
Rv0029,1
Rv1056,1
Rv0305c,2
Rv3678c,1
Rv3836,1
Rv3733c,1
Rv1751,1
Rv2671,1
Rv1165,1
Rv2857c,1
Rv0648,2
Rv2478c,1
Rv0607,1
Rv0021c,1
Rv3745c,1
Rv0713,1
Rv2732c,1
Rv3046c,1
Rv2795c,3
Rv0679c,1
Rv1577c,1
Rv3204,1
Rv1921c,1
Rv3072c,1
Rv2385,1
Rv1534,1
Rv0688,2
Rv2647,1
Rv2781c,1
Rv3638,1
Rv0920c,1
Rv2831,1
Rv0562,5
Rv2854,1
Rv1727,1
Rv2338c,1
Rv2341,1
Rv3636,1
Rv0825c,1
Rv1597,1
Rv2737A,1
Rv0075,1
Rv0197,1
Rv3346c,1
Rv2825c,1
Rv0634c,1
Rv3502c,1
Rv0632c,1
Rv0415,1
Rv0219,1
Rv1632c,1
Rv2776c,1
Rv3751,1
Rv1966,1
Rv3237c,1
Rv1200,1
Rv1958c,1
Rv3705A,1
Rv2853,1
Rv3761c,1
Rv3645,1
Rv2524c,3
Rv2161c,1
Rv2960c,1
Rv1575,1
Rv1193,1
Rv2619c,1
Rv0618,1
Rv3531c,1
Rv3387,1
Rv2681,1
Rv1470,1
Rv0144,1
Rv1730c,1
Rv1803c,1
Rv2706c,1
Rv1970,1
Rv2013,1
Rv1210,1
Rv1512,3
Rv1667c,1
Rv3476c,1
Rv3279c,2
Rv3548c,1
Rv0857,1
Rv2033c,1
Rv0059,1
Rv1188,2
Rv1046c,1
Rv3454,1
Rv3726,1
Rv2813,1
Rv3852,1
Rv3338,1
Rv3224A,1
Rv3162c,1
Rv2836c,1
Rv2749,1
Rv3705c,1
Rv3362c,1
Rv3578,1
Rv3747,1
Rv0430,1
Rv2847c,2
Rv1869c,1
Rv1187,3
Rv2991,1
Rv3860,1
Rv0565c,1
Rv0919,1
Rv2762c,1
Rv1948c,1
Rv1489A,1
Rv0074,1
Rv3762c,1
Rv0686,1
Rv3305c,1
Rv3847,1
Rv2541,1
Rv0753c,2
Rv0822c,1
Rv0774c,2
Rv0152c,1
Rv0605,1
Rv1928c,1
Rv2877c,1
Rv1853,1
Rv3142c,1
Rv2481c,1
Rv3306c,1
Rv1790,1
Rv2016,1
Rv0139,1
Rv1136,1
Rv2045c,1
Rv3771c,1
Rv0101,3
Rv1174c,2
Rv1275,1
Rv2379c,2
Rv3909,1
Rv1004c,1
Rv3322c,1
Rv3635,1
Rv2826c,1
Rv1087A,1
Rv0517,2
Rv1450c,1
Rv1578c,1
Rv3755c,1
Rv0165c,1
Rv3683,1
Rv0804,1
Rv1508A,1
Rv2469c,1
Rv1933c,1
Rv2499c,1
Rv2184c,1
Rv2516c,1
Rv2529,2
Rv3235,1
Rv2160c,1
Rv3817,2
Rv3920c,1
Rv2999,1
Rv3249c,1
Rv1123c,1
Rv0329c,1
Rv3828c,1
Rv3066,1
Rv1244,1
Rv2955c,1
Rv1476,1
Rv2884,1
Rv3832c,1
Rv2251,1
Rv3293,1
Rv1138c,1
Rv2260,1
Rv3672c,2
Rv3843c,1
Rv2609c,1
Rv1517,1
Rv0838,3
Rv1775,1
Rv1132,1
Rv2048c,5
Rv2811,1
Rv0538,1
Rv0585c,1
Rv3758c,1
Rv1593c,1
Rv3657c,1
Rv0251c,2
Rv2651c,1
Rv3725,1
Rv1894c,1
Rv2475c,1
Rv0457c,1
Rv0776c,1
Rv0392c,2
Rv2406c,1
Rv1228,1
Rv3769,1
Rv1646,1
Rv0257,1
Rv0612,1
Rv2077A,1
Rv0514,1
Rv2452c,1
Rv3501c,1
Rv3122,1
Rv3800c,5
Rv3668c,1
Rv2775,1
Rv3916c,1
Rv3369,1
Rv2796c,1
Rv0198c,1
Rv2053c,1
Rv0200,1
Rv2381c,1
Rv1676,1
Rv2162c,1
Rv2365c,1
Rv3008,1
Rv1946c,1
Rv1012,1
Rv0835,1
Rv2492,1
Rv0188,1
Rv1951c,1
Rv2670c,1
Rv2446c,1
Rv2620c,1
Rv0317c,1
Rv2398c,2
Rv1126c,1
Rv1566c,1
Rv2998,1
Rv3813c,1
Rv1035c,1
Rv3352c,1
Rv3379c,3
Rv3210c,1
Rv1669,1
Rv2042c,1
Rv2621c,1
Rv3192,1
Rv0755A,1
Rv1774,1
Rv2689c,1
Rv0411c,1
Rv1473,2
Rv3144c,1
Rv2309A,1
Rv0397,1
Rv1718,1
Rv2436,4
Rv3894c,1
Rv1681,1
Rv0315,1
Rv0958,1
Rv1761c,1
Rv1171,1
Rv1277,1
Rv0267,2
Rv0913c,1
Rv0591,1
Rv3388,1
Rv1137c,1
Rv3797,1
Rv3340,2
Rv3041c,1
Rv3288c,1
Rv3550,1
Rv3139,1
Rv1780,1
Rv3208A,1
Rv3524,1
Rv0622,1
Rv2679,1
Rv1251c,1
Rv1893,1
Rv0031,1
Rv3258c,1
Rv0492A,1
Rv3434c,1
Rv1508c,1
Rv1084,1
Rv1097c,1
Rv0335c,1
Rv3195,1
Rv0387c,1
Rv2768c,1
Rv0991c,1
Rv0741,1
Rv3076,1
Rv1489,1
Rv3507,1
Rv0366c,2
Rv2049c,1
Rv0446c,1
Rv2395B,1
Rv0209,1
Rv2779c,1
Rv0758,2
Rv0990c,1
Rv1000c,1
Rv0699,1
Rv3103c,1
Rv3000,1
Rv3863,1
Rv2528c,1
Rv1191,1
Rv1249c,1
Rv0921,1
Rv3081,1
Rv3770A,1
Rv2980,1
Rv0162c,1
Rv1678,1
Rv3318,3
Rv2828c,1
Rv3138,1
Rv2120c,1
Rv1772,1
Rv0344c,1
Rv3349c,1
Rv0368c,1
Rv1117,1
Rv0855,1
Rv2683,1
Rv0912,1
Rv1684,1
Rv3236c,1
Rv0536,1
Rv2605c,1
Rv0984,1
Rv1234,1
Rv0372c,1
Rv2735c,1
Rv1579c,1
Rv0389,1
Rv2535c,1
Rv1499,1
Rv2513,1
Rv3179,1
Rv2408,1
Rv0756c,1
Rv2657c,1
Rv0829,1
Rv2119,1
Rv1051c,1
Rv0396,1
Rv3555c,1
Rv0328,1
Rv3351c,1
Rv3559c,1
Rv2322c,1
Rv1434,1
Rv0463,1
Rv0161,1
Rv3595c,1
Rv2435c,1
Rv3665c,1
Rv2650c,1
Rv3478,1
Rv1116,1
Rv3015c,1
Rv1875,1
Rv0345,1
Rv2039c,1
Rv3273,3
Rv0727c,1
Rv2307A,1
Rv1861,1
Rv2566,1
Rv0871,2
Rv0653c,1
Rv0045c,4
Rv1598c,1
Rv3732,1
Rv1920,1
Rv3060c,1
Rv3484,2
Rv1918c,1
Rv2390c,1
Rv0238,1
Rv0141c,1
Rv0243,2
Rv0799c,1
Rv3773c,1
Rv0790c,1
Rv0157A,1
Rv0520,1
Rv3212,1
Rv2655c,1
Rv1988,2
Rv0782,1
Rv1674c,2
Rv3231c,1
Rv1069c,1
Rv0314c,1
Rv1190,1
Rv3337,1
Rv1683,1
Rv3839,1
Rv3536c,1
Rv0178,2
Rv2387,1
Rv0865,1
Rv0466,1
Rv1883c,1
Rv0828c,1
Rv2755c,1
Rv0207c,1
Rv3896c,1
Rv3541c,1
Rv3816c,1
Rv3530c,1
Rv3415c,1
Rv0115,1
Rv0263c,1
Rv3775,1
Rv2663,1
Rv3335c,1
Rv0373c,1
Rv1216c,1
Rv2264c,1
Rv0168,1
Rv1176c,1
Rv3517,1
Rv2668,1
Rv0594,2
Rv1888A,1
Rv1965,1
Rv2250A,1
Rv2691,1
Rv0993,2
Rv3664c,2
Rv1871c,1
Rv2128,1
Rv3523,1
Rv0332,1
Rv2400c,1
Rv3757c,2
Rv3684,1
Rv0522,1
Rv3360,1
Rv2974c,1
Rv1804c,1
Rv1062,1
Rv0839,1
Rv3027c,1
Rv1573,1
Rv1586c,1
Rv0400c,1
Rv1706A,1
Rv3332,2
Rv1574,1
Rv3611,1
Rv0593,1
Rv3829c,1
Rv2259,2
Rv3613c,1
Rv2451,1
Rv1936,1
Rv3521,1
Rv1732c,1
Rv0060,1
Rv1977,1
Rv2399c,2
Rv2382c,1
Rv1112,2
Rv2182c,1
Rv3680,1
Rv0576,1
Rv2849c,1
Rv2380c,2
Rv0762c,1
Rv0832,1
Rv0228,1
Rv2509,1
Rv3044,1
Rv2802c,1
Rv1040c,1
Rv1072,1
Rv0613c,1
Rv3253c,1
Rv1750c,2
Rv0362,2
Rv0811c,1
Rv1622c,2
Rv2800,1
Rv3271c,1
Rv0184,1
Rv3169,1
Rv1167c,1
Rv1153c,1
Rv0264c,1
Rv3587c,1
Rv1322A,1
Rv3918c,2
Rv3347c,1
Rv1452c,1
Rv1058,1
Rv2860c,1
Rv2590,4
Rv1192,1
Rv3840,1
Rv2410c,1
Rv3643,1
Rv0348,1
Rv1723,1
Rv1516c,1
Rv3053c,2
Rv1882c,1
Rv1585c,1
Rv0210,1
Rv2307D,1
Rv2320c,2
Rv1939,1
Rv2134c,1
Rv0728c,1
Rv1043c,1
Rv0412c,1
Rv3373,2
Rv0611c,1
Rv1805c,1
Rv0222,1
Rv2413c,1
Rv0589,1
Rv0541c,1
Rv3091,1
Rv1044,1
Rv3165c,1
Rv3319,2
Rv3093c,1
Rv2614A,1
Rv3174,1
Rv3714c,1
Rv1944c,1
Rv1227c,1
Rv0261c,1
Rv1382,1
Rv2714,1
Rv1773c,1
Rv3437,1
Rv3906c,1
Rv1232c,1
Rv3171c,1
Rv2375,1
Rv1048c,1
Rv1358,1
Rv3669,1
Rv0067c,1
Rv0212c,1
Rv0989c,4
Rv1571,1
Rv3312c,1
Rv2255c,1
Rv2698,1
Rv3110,2
Rv1576c,1
Rv0331,1
Rv0843,1
Rv3197,1
Rv0386,3
Rv2765,1
Rv1377c,1
Rv1868,1
Rv0746,1
Rv0744c,1
Rv3350c,1
Rv1635c,1
Rv0852,1
Rv0199,1
Rv1515c,1
Rv2643,2
Rv0979c,1
Rv1513,1
Rv0603,1
Rv1776c,1
Rv0868c,1
Rv2132,1
Rv3830c,1
Rv2617c,1
Rv3799c,2
Rv1163,1
Rv0826,1
Rv1428c,1
Rv1685c,1
Rv0619,1
Rv3503c,1
Rv2787,2
Rv1768,1
Rv3485c,1
Rv1104,1
Rv0320,1
Rv0358,1
Rv1371,1
Rv0176,1
Rv3463,1
Rv0621,1
Rv1073,1
Rv0242c,1
Rv1929c,1
Rv0271c,1
Rv3489,1
Rv2944,1
Rv3482c,1
Rv1067c,1
Rv3856c,1
Rv1426c,1
Rv2788,2
Rv0044c,1
Rv3473c,1
Rv1154c,1
Rv1912c,1
Rv0154c,1
Rv0711,1
Rv0225,1
Rv1639c,1
Rv3511,1
Rv0737,1
Rv0425c,2
Rv3649,1
Rv1923,1
Rv3576,1
Rv1572c,1
Rv2552c,1
Rv1567c,1
Rv2061c,1
Rv2327,1
Rv0273c,1
Rv3026c,1
Rv2059,1
Rv0122,1
Rv2777c,1
Rv2500c,1
Rv0939,1
Rv2789c,1
Rv1443c,1
Rv0636,1
Rv3228,1
Rv1060,1
Rv2784c,1
Rv3513c,1
Rv2126c,1
Rv3644c,2
Rv1865c,1
Rv2858c,1
Rv0356c,1
Rv2767c,1
Rv0680c,1
Rv3016,1
Rv3590c,1
Rv2369c,1
Rv2978c,1
Rv3440c,1
Rv2940c,1
Rv1879,1
Rv3564,1
Rv3299c,1
Rv0923c,1
Rv3907c,1
Rv0580c,1
Rv2699c,1
Rv3446c,1
Rv1972,1
Rv3218,1
Rv3770c,1
Rv2792c,1
Rv2739c,1
Rv3317,1
Rv1752,1
Rv2766c,1
Rv1141c,1
Rv2306A,1
Rv0872c,1
Rv3022A,1
Rv3208,1
Rv1535,1
Rv3599c,1
Rv1041c,1
Rv0997,1
Rv2125,1
Rv0794c,2
Rv0862c,1
Rv0279c,1
Rv0551c,3
Rv0112,1
Rv2729c,1
Rv2975c,1
Rv2159c,1
Rv2064,1
Rv3688c,1
Rv0547c,1
Rv0610c,1
Rv2666,1
Rv2828A,1
Rv1906c,1
Rv0464c,1
Rv1742,1
Rv0975c,1
Rv1036c,1
Rv3673c,1
Rv3243c,1
Rv2786c,3
Rv2700,1
Rv0473,1
Rv1061,1
Rv2395A,1
Rv2618,1
Rv2133c,1
Rv0118c,2
Rv0792c,1
Rv3304,1
Rv0354c,1
Rv2146c,1
Rv0253,1
Rv1204c,1
Rv3888c,1
Rv0177,1
Rv3768,1
Rv0147,2
Rv0922,1
Rv1529,1
Rv3774,1
Rv3603c,1
Rv2185c,1
Rv0950c,1
Rv3049c,1
Rv3331,1
Rv3553,1
Rv0155,1
Rv2129c,1
Rv1105,1
Rv0140,1
Rv3252c,2
Rv1724c,1
Rv0672,1
Rv1119c,1
Rv1788,1
Rv2189c,1
Rv1006,1
Rv3194c,2
Rv2979c,1
Rv2536,2
Rv1624c,1
Rv3713,3
Rv0604,1
Rv3094c,1
Rv2761c,1
Rv0779c,1
Rv1922,1
Rv2415c,1
Rv1762c,1
Rv2804c,1
Rv0158,1
Rv1615,1
Rv3746c,1
Rv2035,1
Rv2409c,1
Rv0247c,2
Rv3566A,1
Rv0131c,1
Rv2672,1
Rv0775,1
Rv1115,1
Rv3353c,1
Rv2507,1
Rv0179c,1
Rv0837c,1
Rv0431,1
Rv3057c,1
Rv1940,2
Rv2993c,1
Rv1892,1
Rv0546c,1
Rv3898c,1
Rv0157,2
Rv3572,1
Rv1913,1
Rv3141,1
Rv0863,1
Rv0787A,3
Rv2219A,1
Rv3176c,1
Rv2256c,1
Rv2553c,3
Rv2395,1
Rv0128,1
Rv1019,1
Rv2437,1
Rv1473A,1
Rv1924c,1
Rv0471c,1
Rv2966c,1
Rv3196A,1
Rv3005c,1
Rv1978,1
Rv0809,3
Rv0336,1
Rv3549c,1
Rv0376c,1
Rv2515c,1
Rv0393,1
Rv2490c,1
Rv2622,1
Rv1769,1
Rv0231,1
Rv0907,1
Rv0339c,1
Rv3711c,1
Rv1206,5
Rv1164,2
Rv1889c,1
Rv3682,2
Rv3662c,1
Rv1045,1
Rv1717,1
Rv1466,1
Rv1754c,1
Rv1378c,1
Rv3213c,1
Rv0459,1
Rv2519,1
Rv2253,1
Rv2893,1
Rv3177,1
Rv0397A,1
Rv2805,1
Rv1124,1
Rv1507A,1
Rv0201c,1
Rv3689,1
Rv0307c,1
Rv1376,1
Rv3267,1
Rv3477,1
Rv1903,1
Rv0427c,2
Rv3656c,1
Rv1693,1
Rv0326,1
Rv2797c,1
Rv3277,1
Rv3642c,1
Rv0470A,1
Rv1158c,1
Rv0249c,1
Rv0658c,1
Rv2721c,1
Rv3724A,1
Rv3055,1
Rv1482c,1
Rv0851c,1
Rv0530A,1
Rv3651,1
Rv3160c,1
Rv1100,1
Rv0787,1
Rv1135A,1
Rv1679,1
Rv1582c,1
Rv1947,1
Rv0310c,1
Rv0781,1
Rv2303c,1
Rv3529c,1
Rv2038c,1
Rv1172c,1
Rv3562,1
Rv2756c,2
Rv2506,2
Rv2806,1
Rv1799,1
Rv0528,1
Rv1707,2
Rv1118c,1
Rv3525c,1
Rv3431c,1
Rv3629c,1
Rv1055,1
Rv2309c,1
Rv1710,1
Rv1083,1
Rv2856,1
Rv0697,1
Rv2833c,1
Rv1178,2
Rv0833,1
Rv3435c,1
Rv0312,1
Rv0456c,2
Rv1845c,2
Rv0870c,1
Rv3050c,1
Rv1245c,1
Rv1156,1
Rv1766,1
Rv0374c,1
Rv3604c,1
Rv1870c,1
Rv3255c,3
Rv0914c,1
Rv0768,1
Rv0138,1
Rv2261c,1
Rv0698,1
Rv3499c,1
Rv0918,1
Rv0173,1
Rv3242c,1
Rv1140,1
Rv0398c,1
Rv2532c,1
Rv3278c,1
Rv3090,1
Rv1704c,2
Rv1817,1
Rv1765A,1
Rv2694c,1
Rv2990c,1
Rv3796,1
Rv1925,1
Rv2014,1
Rv2403c,1
Rv2336,1
Rv0124,1
Rv0449c,1
Rv3164c,1
Rv1503c,1
Rv0109,1
Rv0999,1
Rv0325,1
Rv3113,1
Rv3899c,1
Rv0817c,1
Rv2117,1
Rv0318c,1
Rv0296c,2
Rv2808,1
Rv1806,1
Rv3650,1
Rv3719,1
Rv0248c,2
Rv0258c,1
Rv2972c,1
Rv1458c,1
Rv3054c,1
Rv2401,1
Rv2867c,1
Rv0818,2
Rv3831,1
Rv2548A,1
Rv0172,2
Rv0540,1
Rv1864c,1
Rv1504c,1
Rv0588,1
Rv0180c,1
Rv3770B,1
Rv2510c,1
Rv3075c,1
Rv3368c,1
Rv0750,1
Rv0416,1
Rv2186c,1
Rv3263,1
Rv1374c,1
Rv1863c,1
Rv1726,1
Rv3064c,1
Rv1791,1
Rv3693,1
Rv0077c,1
Rv1203c,1
Rv2423,1
Rv3154,2
Rv3211,2
Rv3694c,1
Rv3779,2
Rv1855c,1
Rv2542,1
Rv3079c,1
Rv0421c,1
Rv2434c,1
Rv3468c,1
Rv3383c,3
Rv2037c,1
Rv2812,1
Rv0062,3
Rv2101,1
Rv1071c,1
Rv3256c,1
Rv3675,1
Rv1645c,1
Rv0274,1
Rv2652c,1
Rv0784,1
Rv2262c,1
Rv3563,1
Rv1672c,1
Rv0690c,1
Rv0419,1
Rv3190A,1
Rv0235c,1
Rv1914c,1
Rv2725c,3
Rv3123,1
Rv0543c,1
Rv0798c,1
Rv3516,1
Rv3453,1
Rv3784,1
Rv1902c,1
Rv3698,1
Rv2052c,1
Rv3172c,1
Rv3333c,1
Rv1716,1
Rv0757,4
Rv2180c,1
Rv0042c,1
Rv2483c,1
Rv0789c,1
Rv3359,1
Rv3308,1
Rv2731,1
Rv1807,1
Rv3196,1
Rv3226c,2
Rv2502c,1
Rv2316,1
Rv1661,2
Rv2467,2
Rv1479,1
Rv1949c,1
Rv0911,1
Rv0452,1
Rv1691,1
Rv3191c,2
Rv0355c,1
Rv1531,1
Rv0217c,1
Rv3269,1
Rv3201c,2
Rv2790c,1
Rv3205c,1
Rv3622c,1
Rv1215c,1
Rv0650,1
Rv0513,1
Rv0186,1
Rv1179c,2
Rv1427c,1
Rv0527,1
Rv0378,1
Rv2827c,1
Rv2401A,1
Rv3344c,1
Rv0134,1
Rv3663c,1
Rv2414c,1
Rv0266c,1
Rv2728c,1
Rv3850,1
Rv1619,1
Rv1888c,1
Rv3594,1
Rv3298c,1
Rv1680,1
Rv1950c,1
Rv0087,2
Rv0121c,1
Rv1673c,1
Rv0836c,1
Rv2164c,1
Rv1431,1
Rv2107,1
Rv3365c,2
Rv0052,1
Rv3367,1
Rv1709,1
Rv2318,1
Rv2522c,1
Rv0439c,1
Rv3528c,1
Rv3395A,1
Rv2426c,1
Rv0151c,1
Rv0729,1
Rv0763c,1
Rv0926c,1
Rv3851,1
Rv3173c,1
Rv3739c,1
Rv1927,1
Rv1873,1
Rv0303,1
Rv3289c,1
Rv3394c,2
Rv3120,1
Rv0511,1
Rv3136A,1
Rv1366A,1
Rv2961,1
Rv0071,1
Rv3560c,1
Rv0673,1
Rv0614,1
Rv1686c,2
Rv0360c,1
Rv2798c,1
Rv0063,1
Rv3430c,1
Rv2394,1
Rv3472,1
Rv3491,1
Rv0353,1
Rv1715,1
Rv0724,2
Rv1584c,1
Rv3295,1
Rv0856,1
Rv2517c,1
Rv0435c,1
Rv1647,2
Rv1580c,1
Rv0861c,2
Rv2690c,1
Rv3510c,1
Rv2342,1
Rv0174,2
Rv0530,1
Rv1157c,1
Rv2491,1
Rv0371c,1
Rv2662,1
Rv1087,1
Rv3542c,1
Rv3257c,2
Rv1243c,1
Rv0420c,1
Rv2956,1
Rv1565c,2
Rv0606,1
Rv2046,1
Rv1511,3
Rv2705c,1
Rv3556c,1
Rv2970A,1
Rv3190c,1
Rv0388c,1
Rv2172c,1
Rv3695,1
Rv2017,1
Rv2738c,1
Rv0797,1
Rv2020c,1
Rv2551c,2
Rv3140,1
Rv0260c,1
Rv0024,1
Rv1120c,1
Rv0807,1
Rv2443,2
Rv0578c,1
Rv1456c,1
Rv3748,1
Rv1022,1
Rv1544,2
Rv1257c,1
Rv1090,1
Rv3285,2
Rv1663,1
Rv0349,1
Rv0119,1
Rv3742c,1
Rv3355c,1
Rv0076c,1
Rv3013,1
Rv0175,2
Rv2024c,1
Rv2488c,2
Rv0434,1
Rv1457c,1
Rv3498c,1
Rv1231c,1
Rv1670,1
Rv0254c,3
Rv0597c,1
Rv3222c,1
Rv0526,1
Rv1034c,1
Rv0786c,1
Rv1463,1
Rv2315c,1
Rv2794c,5
Rv2862c,1
Rv1969,1
Rv0272c,1
Rv3500c,1
Rv0749A,1
Rv1904,2
Rv3224,1
Rv2444c,2
Rv1778c,1
Rv0308,1
Rv3623,1
Rv3233c,1
Rv2489c,1
Rv1728c,1
Rv0304c,1
Rv3497c,1
Rv0171,2
Rv2707,1
Rv3752c,2
Rv0405,2
Rv0810c,1
Rv2665,1
Rv1053c,1
Rv1226c,1
Rv0831c,1
Rv3363c,1
Rv2967c,2
Rv3114,1
Rv0269c,1
Rv3058c,1
Rv0311,1
Rv0170,2
Rv0448c,1
Rv1239c,3
Rv2321c,1
Rv2642,1
Rv1786,1
Rv2807,1
Rv0745,1
Rv0840c,1
Rv0369c,1
Rv1396c,1
Rv1810,1
Rv0454,1
Rv3593,1
Rv0424c,1
Rv0135c,1
Rv2514c,1
Rv0592,1
Rv1127c,1
Rv3692,1
Rv0455c,1
Rv1961,1
Rv3040c,1
Rv0971c,1
Rv1637c,1
Rv0125,1
Rv2396,1
Rv2433c,1
Rv0169,4
Rv3857c,1
Rv0213c,1
Rv0674,1
Rv1890c,1
Rv0078A,1
Rv2317,1
Rv1471,2
Rv0816c,1
Rv1139c,1
Rv1096,2
Rv0974c,1
Rv0167,1
Rv2997,1
Rv0275c,1
Rv0791c,1
Rv3311,1
Rv3250c,2
Rv0226c,1
Rv1644,1
Rv3837c,1
Rv2015c,1
Rv0259c,1
Rv2704,1
Rv0047c,1
Rv1388,1
Rv3706c,1
Rv1628c,1
Rv1050,1
Rv3492c,1
Rv1432,1
Rv3514,1
Rv3637,1
Rv3327,1
Rv1467c,1
Rv0370c,1
Rv0523c,1
Rv0108c,1
Rv0521,1
Rv0771,1
Rv3074,1
Rv1967,1
Rv1146,2
Rv0149,1
Rv3759c,2
Rv1028A,1
Rv0302,1
Rv0841,1
Rv3519,1
Rv2791c,2
Rv1162,3
Rv3522,1
Rv2708c,1
Rv0245,1
Rv1616,1
Rv1523,1
Rv2114,1
Rv0443,1
Rv0227c,1
Rv3690,1
Rv3116,1
Rv0988,1
Rv3032A,1
Rv2422,1
Rv2177c,1
Rv3900c,1
Rv3439c,1
Rv0854,1
Rv0195,1
Rv2531c,1
Rv0401,1
Rv2680,1
Rv0460,1
Rv0142,1
Rv1581c,1
Rv3730c,1
Rv2722,1
Rv0724A,1
Rv1393c,1
Rv0544c,1
Rv0812,1
Rv1145,1
Rv0973c,1
Rv1887,1
Rv2799,1
Rv3819,1
Rv0214,1
Rv1134,1
Rv3699,1
Rv2425c,1
Rv1638A,1
Rv1054,1
Rv3366,3
Rv1937,1
Rv1941,1
Rv3493c,1
Rv0428c,1
Rv3897c,1
Rv3626c,1
Rv1587c,1
Rv1142c,1
Rv1209,1
Rv1811,1
Rv3096,1
Rv1111c,1
Rv0265c,1
Rv1460,1
Rv0110,1
Rv1059,1
Rv0394c,1
Rv0143c,1
Rv2508c,1
Rv2803,1
Rv3393,1
Rv0340,1
Rv2183c,1
Rv1677,1
Rv3641c,1
Rv3591c,1
Rv2810c,1
Rv0270,1
Rv0309,1
Rv1971,1
Rv1214c,1
Rv1687c,1
Rv0246,1
Rv3540c,1
Rv2520c,1
Rv0531,1
Rv1891,1
Rv1049,1
Rv0760c,1
Rv1186c,1
Rv2040c,1
Rv0976c,1
Rv1976c,1
Rv1116A,1
Rv3483c,1
Rv0860,3
Rv2505c,1
Rv1225c,1
Rv3707c,1
Rv2113,1
Rv1194c,1
Rv0365c,1
Rv2329c,1
Rv1767,1
Rv2843,1
Rv0367c,1
Rv3632,1
Rv1404,1
Rv3323c,1
Rv3577,1
Rv2674,2
Rv0078B,1
Rv0519c,2
Rv2864c,1
Rv2041c,1
Rv1532c,1
Rv1152,1
Rv2693c,1
Rv0556,1
Rv1703c,1
Rv3224B,1
Rv2724c,1
Rv0925c,1
Rv0406c,1
Rv2712c,1
Rv0322,2
Rv1975,1
Rv1974,1
Rv3827c,1
Rv2463,1
Rv2751,1
Rv3575c,1
Rv3686c,1
Rv3175,1
Rv3753c,1
Rv1435c,1
Rv0166,1
Rv0333,1
Rv1854c,1
Rv1487,1
Rv2468A,1
Rv0579,1
Rv0123,1
Rv3833,1
Rv2664,1
Rv1455,1
Rv3438,1
Rv2772c,1
Rv2340c,1
Rv2173,3
Rv0293c,1
Rv0324,2
Rv0426c,1
Rv0061c,1
Rv0306,1
Rv3018A,1
Rv1528c,1
Rv3033,1
Rv0671,1
Rv3718c,1
Rv2832c,1
Rv2943,1
Rv3496c,1
Rv3735,1
Rv1964,1
Rv0649,1
Rv2458,1
Rv0160c,1
Rv0316,1
Rv0567,2
Rv2473,1
Rv3736,1
Rv2646,1
Rv0633c,1
Rv0232,1
Rv0689c,1
Rv2730,1
Rv0646c,1
Rv1066,1
Rv2771c,1
Rv1867,1
Rv1147,1
Rv0381c,1
Rv3640c,2
Rv0390,1
Rv1844c,2
Rv2143,1
Rv3777,1
Rv1648,1
Rv0777,2
Rv0223c,1
Rv1442,1
Rv3737,1
Rv1052,1
Rv3281,2
Rv0185,1
Rv0375c,1
Rv3107c,1
Rv3061c,1
Rv0834c,1
Rv3294c,1
Rv2835c,1
Rv2036,1
Rv3494c,1
Rv1175c,1
Rv3741c,1
Rv0675,1
Rv0725c,2
Rv3612c,1
Rv0995,1
Rv3161c,1
Rv2263,1
Rv2393,1
Rv3099c,1
Rv1610,1
Rv2324,1
Rv0338c,2
Rv2044c,1
Rv2237A,1
Rv0529,1
Rv1091,1
Rv2809,1
Rv0033,1
Rv2954c,1
Rv3527,1
Rv3861,1
Rv0385,3
Rv0395,1
Rv3374,1
Rv2844,1
Rv0078,1
Rv3167c,1
Rv3098c,1
Rv2998A,1
Rv1749c,1
Rv1697,1
Rv2420c,2
Rv1453,1
Rv0218,1
Rv3631,1
Rv3639c,1
Rv0916c,1
Rv1770,1
Rv2137c,1
Rv0012,1
Rv2424c,1
Rv0666,1
Rv3159c,1
Rv2023c,1
Rv3006,1
Rv2472,1
Rv0193c,1
Rv2307B,1
Rv1439c,1
Rv2709,1
Rv2696c,1
Rv1230c,2
Rv3783,1
Rv3432c,2
Rv1233c,1
Rv0730,2
Rv2968c,1
Rv1005c,1
Rv0743c,1
Rv3166c,1
Rv3202c,2
Rv3300c,1
Rv2371,1
Rv0380c,1
Rv3727,1
Rv3481c,1
Rv1990A,1
Rv3077,1
Rv3225c,3
Rv0773c,2
Rv2774c,1
Rv0068,1
Rv0156,2
Rv3296,1
Rv2306B,2
Rv1618,1
Rv0590,1
Rv2778c,1
Rv3200c,1
Rv1081c,1
Rv3047c,1
Rv2062c,1
Rv2135c,1
Rv1662,2
Rv3354,1
Rv3386,1
Rv0323c,1
Rv0399c,1
Rv2840c,1
Rv3345c,1
Rv3038c,1
Rv0801,1
Rv2314c,1
Rv1919c,1
